{
  "name": "root",
  "total": 24.136723200000002,
  "count": 1,
  "self": 24.136723200000002
}