{
  "name": "root",
  "total": 29.0376074,
  "count": 1,
  "self": 29.0376074
}