{"cameraMode":{"drawMode":0,"name":"Shaded","section":"Shading Mode"},"sceneLighting":false,"audioPlay":false,"sceneViewState":{"showFog":false,"showMaterialUpdate":false,"showSkybox":false,"showFlares":false,"showImageEffects":false,"showParticleSystems":false},"in2DMode":false,"pivot":{"x":1.6258254051208497,"y":102.12906646728516,"z":-72.01116943359375},"rotation":{"x":-0.030702926218509675,"y":-0.6915585994720459,"z":0.029962513595819474,"w":-0.7211325764656067},"size":7.2530517578125,"orthographic":false}