{"cameraMode":{"drawMode":0,"name":"Shaded","section":"Shading Mode"},"sceneLighting":true,"audioPlay":false,"sceneViewState":{"showFog":false,"showMaterialUpdate":false,"showSkybox":false,"showFlares":false,"showImageEffects":false,"showParticleSystems":false},"in2DMode":false,"pivot":{"x":128.259521484375,"y":33.349998474121097,"z":-259.2200012207031},"rotation":{"x":-0.36492908000946047,"y":0.00074629089795053,"z":-0.00024715359904803336,"w":-0.9311627149581909},"size":509.992431640625,"orthographic":false}