{"cameraMode":{"drawMode":0,"name":"Shaded","section":"Shading Mode"},"sceneLighting":false,"audioPlay":false,"sceneViewState":{"showFog":false,"showMaterialUpdate":false,"showSkybox":false,"showFlares":false,"showImageEffects":false,"showParticleSystems":false},"in2DMode":false,"pivot":{"x":-5.470000267028809,"y":2.795393466949463,"z":-5.020001411437988},"rotation":{"x":-0.06168397516012192,"y":0.937473714351654,"z":-0.2621864378452301,"w":-0.22050468623638154},"size":12.95055866241455,"orthographic":false}