{"cameraMode":{"drawMode":0,"name":"Shaded","section":"Shading Mode"},"sceneLighting":false,"audioPlay":false,"sceneViewState":{"showFog":false,"showMaterialUpdate":false,"showSkybox":false,"showFlares":false,"showImageEffects":false,"showParticleSystems":false},"in2DMode":false,"pivot":{"x":2.820478916168213,"y":102.5088119506836,"z":-71.8944320678711},"rotation":{"x":-0.030702926218509675,"y":-0.6915585994720459,"z":0.029962513595819474,"w":-0.7211325764656067},"size":7.2530517578125,"orthographic":false}