{"cameraMode":{"drawMode":0,"name":"Shaded","section":"Shading Mode"},"sceneLighting":false,"audioPlay":false,"sceneViewState":{"showFog":false,"showMaterialUpdate":false,"showSkybox":false,"showFlares":false,"showImageEffects":false,"showParticleSystems":false},"in2DMode":false,"pivot":{"x":-8.93476390838623,"y":19.130001068115236,"z":-61.099998474121097},"rotation":{"x":-0.27844634652137759,"y":-0.6172593832015991,"z":0.24816292524337769,"w":-0.6927793622016907},"size":100.54246520996094,"orthographic":false}